language,total_tokens,unique_tokens,ttr
dutch,308470,12239,0.039676
english,9951700,69245,0.006958
french,11528230,78008,0.006767
german,10870905,157117,0.014453
italian,7332370,98793,0.013474
russian,1011425,59329,0.058659
spanish,3133530,66598,0.021253
ukrainian,2568205,94833,0.036926
